"AmortizationType","AnnualPercentageRate","ApplicationDate","AppraisedValue","Borr1FirstName","Borr1LastName","Borr1SSN","Borr2FirstName","Borr2LastName","Borr2SSN","Borr3FirstName","Borr3LastName","Borr3SSN","Borr4FirstName","Borr4LastName","Borr4SSN","Borrower1MiddleInitial","Borrower2MiddleInitial","InterestRate","Loan Officer Name","Loan Number","LTV","MortgageAppliedFor","Property Unit No","PropertyCity","PropertyState","PropertyStreet1","PropertyType","PropertyWillBe","PropertyZipCode","PurchasePrice","PurposeOfLoan","TotalLoanAmount","Underwriter Name","Unpaid Principal Balance"
"Fixed","","10/23/2015","205000.00","Larissa","Medellin","623427575","","","","","","","","","","","","4.000","Denise Garcia","3571410026","61.95","","","Whittier","CA","4140 Workman Mill Road Unit 137","Condominium","","90601","205000.00","Refinance","127000.00","Carol King",""
"Fixed","","10/13/2015","160000.00","Jacobo","Perez","176272630","Ana","Recinos Perez","603311811","","","","","","","P","V","3.625","Kelly Carrera","1591510158","70.00","","","Bakersfield","CA","6601 Pine View Drive","Detached","","93307","160000.00","Refinance","112000.00","Tess Anson",""
"Fixed","","10/09/2015","338000.00","JUDITH","NORTHROP","172489024","","","","","","","","","","A","","4.250","Kenneth Lawrence Jr","1061510249","80.00","","","Lancaster","CA","8617 West Avenue D-10","Detached","","93536","314000.00","Purchase","251200.00","Patricia Barbarin",""
"Fixed","","05/05/2015","724000.00","Matthew","McElhenie","605249674","","","","","","","","","","M","","4.250","Kym Lamison","3881510005","50.03","","","Arroyo Grande","CA","205 Grace Lane","Detached","","93420","724000.00","Refinance","362200.00","Underwriter Investor",""
"Fixed","","10/05/2015","368000.00","Eugene","Agustin","586808906","Isabel","Agustin","625601331","","","","","","","A","R","4.500","Tatum Hakes","1921510228","96.50","","","Menifee","CA","25275 Hitch Rail Lane","PUD","","92584","368550.00","Purchase","361334.00","Ann Polito",""
"Fixed","","10/19/2015","274000.00","Ryan","Fedorow","550915543","","","","","","","","","","M","","3.750","Laurie Allen","1921510244","96.50","","","Menifee","CA","29532 Squaw Valley Drive","Detached","","92586","274000.00","Purchase","269037.00","Jean Garcia",""
"Fixed","","10/19/2015","200000.00","Jason","Estes","562253945","","","","","","","","","","","","3.875","Guy Campbell","1921510245","96.50","","","Hemet","CA","43171 San Miguel Way","Detached","","92544","195000.00","Purchase","191468.00","Jean Garcia",""
"Fixed","","10/20/2015","160000.00","Richard","White","550601485","","","","","","","","","","V","","3.750","Paul McCarthy","1401510015","100.00","","","Oceanside","CA","3760 Vista Campana South #10","PUD","","92057","159000.00","Purchase","162418.00","Gina McKeen-Chaplin",""
"Fixed","","10/20/2015","400000.00","Jose","Acevedo","566730605","Maria","Acevedo","637090148","","","","","","","E","M","3.875","Anacany Islas","3711510081","96.50","","","Whittier Area","CA","13439 Close Street","Detached","","90605","400000.00","Purchase","392755.00","Patricia McCanna",""
"Fixed","","06/12/2015","250000.00","JOSE","VIRRUETA MEDINA","856436402","","","","","","","","","","C","","4.250","Dahlia Arquero","6521510145","91.87","","","RIALTO","CA","615 WEST VAN KOEVERING STREET","Detached","","92376","203000.00","Purchase","233688.00","Valerie Cheatwood",""
"Fixed","","10/19/2015","275000.00","Frances","De La Paz","556760799","","","","","","","","","","P","","4.125","John Rodriguez","3711510097","56.36","","","Riverside","CA","10477 Cook Ave","Detached","","92505","275000.00","Refinance","155000.00","Tess Anson",""
"Fixed","","09/22/2015","220000.00","LESLIE","JOHNSON","553040819","","","","","","","","","","","","4.500","Alexio Torres","3051510168","95.00","","","SAN DIEGO","CA","2883 CASEY STREET - UNIT#A","Condominium","","92139","220000.00","Purchase","209000.00","Carol King",""
"Fixed","","09/29/2015","220000.00","PRIYAM","RAJAPAKSA","614304478","","","","","","","","","","","","4.875","Pat Mulvey","1061510691","95.00","","","LANCASTER","CA","8238 WEST AVENUE D-14","ManufacturedMultiwide","","93536","175000.00","Purchase","166250.00","Patricia McCanna",""
"Fixed","","05/12/2015","453000.00","ISRAEL","MOREL","117806393","KATIRIA","MIRANDA","559630961","","","","","","","","L","4.500","Kenneth Lawrence Jr","1061510692","100.00","","","Los Angeles","CA","7213 N. Chestnut Lane","PUD","","91405","425714.00","Purchase","434866.00","Patricia Barbarin",""
"Fixed","","07/24/2015","569000.00","Srimala","Thinsan","189687532","","","","","","","","","","","","4.250","Patricia Chavez","3681510035","96.50","","","Antioch","CA","3005 Serra Way","PUD","","94509","568772.00","Purchase","558469.00","Isayda Aguilar",""
"Fixed","","10/16/2015","339145.00","ERIKA","MACHADO","572696259","","","","","","","","","","","","4.250","Olivia Torres","3051510206","96.50","","","FONTANA","CA","14775 WEEPING WILLOW LANE","Detached","","92337","339145.00","Purchase","333001.00","Gina McKeen-Chaplin",""
"Fixed","","10/22/2015","575000.00","Kristin","Llama","616447996","","","","","","","","","","","","4.125","Timothy Roberts","3681510104","72.52","","","Concord","CA","1741 Bishop Drive","Detached","","94521","575000.00","Refinance","417000.00","Isayda Aguilar",""
"ARM","","10/30/2015","575000.00","Marvin","Peters","536467738","Llynda","Peters","531521727","","","","","","","T","F","3.500","Edward Dorame","3031510006","15.69","","","Edmonds","WA","10525 226th Street SW","Detached","","98020","573777.00","Purchase","90000.00","Jean Garcia",""
"Fixed","","11/05/2015","105000.00","Omar","Awad","602257672","","","","","","","","","","","","3.875","George Munoz","3621510068","95.00","","","Ridgecrest","CA","935 W Upjohn Avenue","Detached","","93555","105000.00","Purchase","101495.00","Isayda Aguilar",""
"Fixed","","07/06/2015","275000.00","ALEJANDRO","QUINTERO","623188745","BLANCA","QUINTERO","615291323","","","","","","","","L","4.250","Gicela Frias","6571510066","48.73","","","Los Angeles","CA","1619 EAST 88TH STREET","Detached","","90002","275000.00","Refinance","134000.00","Monica Alvarez",""
"Fixed","","09/22/2015","263000.00","Greg","Donaghu","559675541","","","","","","","","","","N","","5.000","Deborah Tussing","3791510385","95.00","","","Long Beach","CA","1242 East 4th Street #6","Condominium","","90802","263000.00","Purchase","249850.00","Monica Alvarez",""
"Fixed","","10/22/2015","650000.00","Pamela","Fenili","572678345","","","","","","","","","","D","","4.250","Leonard Briones","3621510114","69.69","","","San Mateo","CA","1536 Day Avenue, Unit D","Condominium","","94403","650000.00","Refinance","453000.00","Isayda Aguilar",""
"Fixed","","10/15/2015","155000.00","Tasha","Hernandez","340723071","","","","","","","","","","L","","3.625","Brian Weide","2561510188","96.50","","","Wrightwood","CA","1481 Helen Street","Detached","","92397","155000.00","Purchase","152192.00","Ann Polito",""
"Fixed","","10/14/2015","358500.00","Joseph","Shell","410255345","Jessiejames","Shell","059562100","","","","","","","W","R","4.000","Jonathan Ferrell","1921510597","100.00","","","Menifee","CA","29162 Castle Cove Court","PUD","","92585","347000.00","Purchase","354460.00","Laura Leenknecht",""
"Fixed","","10/29/2015","390000.00","Nolan","Del Real","619726548","","","","","","","","","","","","4.125","Anacany Islas","3711510160","96.50","","","Norwalk","CA","14534 Behrens Avenue","Detached","","90650","390000.00","Purchase","382936.00","Gina McKeen-Chaplin",""
"Fixed","","10/05/2015","330000.00","Sandra","Loyola","567191261","","","","","","","","","","","","4.125","Paul McCarthy","1401510038","80.00","","","San Marcos","CA","853 Ballow Way","Condominium","","92078","335000.00","Purchase","264000.00","Christopher Smart",""
"Fixed","","10/20/2015","230000.00","ARTURO","CASTELLANOS","568836532","","","","","","","","","","","","4.000","Manuel Corral","1481510674","96.50","","","SAN BERNARDINO","CA","6077 NORTH WALNUT AVENUE","Detached","","92407","220000.00","Purchase","216015.00","Lynne Chandler-Garrison",""
"Fixed","","10/16/2015","200000.00","Corina","Acosta","564175984","","","","","","","","","","","","4.000","Dana Worthington","3021510085","85.50","","","Delano","CA","1636 5th Place","Detached","","93215","200000.00","Purchase","171000.00","Patricia Barbarin",""
"Fixed","","08/17/2015","325000.00","SILBIA","ZUNIGA","572833013","","","","","","","","","","G","","4.500","Eric Hasanoff","3481510195","97.00","","","POMONA","CA","1930 JAMES PLACE","Detached","","91767","310000.00","Purchase","300700.00","Elaine Clark",""
"Fixed","","10/09/2015","210000.00","Ramiro","Tornero Gutierrez","616326852","","","","","","","","","","","","4.500","Myra Alvarez","3491510379","96.50","","","Madera","CA","2709 Winter Way","Detached","","93637","210000.00","Purchase","206196.00","Ruth Sneed",""
"Fixed","","10/14/2015","408000.00","Gabriel","Dalgoff","626382357","","","","","","","","","","G","","3.875","Anacany Islas","3711510167","86.44","","","Whittier","CA","11323 Edderton Avenue","Detached","","90604","405500.00","Purchase","350500.00","Christopher Smart",""
"Fixed","","09/09/2015","590500.00","BYRON","REYES","623845621","HEYDI","REYES","612337409","SELWIN","REYES","623847153","MARIANA","ORELLANCE GUEVARA","033118108","","","4.125","Eduasyv Garcia","3791510409","96.50","","","Los Angeles","CA","1917 RIPPLE STREET","Detached","","90039","550000.00","Purchase","540038.00","Monica Alvarez",""
"Fixed","","09/28/2015","690000.00","HUONG","LAM","252471294","KRISTOPHER","LAM","548673397","","","","","","","","","4.750","Christopher Haun","1761510097","59.42","","","Los Angeles","CA","3845 Duke Street","Attached","","90031","690000.00","Refinance","410000.00","Christopher Smart",""
"Fixed","","09/29/2015","269000.00","Alberto","Toscano","608075151","Graciela","Marquez","609816693","","","","","","","","J","4.250","Armando Sandoval","1921510644","96.50","","","Perris","CA","1348 Friedman Street","Detached","","92571","269000.00","Purchase","264127.00","Ann Polito",""
"Fixed","","09/16/2015","450000.00","Justin","Theemling","251690179","","","","Diana","Hardin","545864672","","","","C","","4.125","Carrie Beyer","3791510418","95.00","","","Truckee","CA","10485 Heather Road","Detached","","96161","421000.00","Purchase","399950.00","Monica Alvarez",""
"Fixed","","10/13/2015","440000.00","Jason","Labuff","478150487","Joanna","Borrego","556873880","","","","","","","T","","4.125","Norma Brito","2591510143","83.07","","","Whittier","CA","9521 Greening Avenue","Detached","","90605","440000.00","Refinance","365500.00","Ruth Sneed",""
"Fixed","","10/04/2015","252000.00","Elias","Guzman","572994284","","","","Julie","Guzman","619788761","","","","","","4.250","Mitch Samimi","1381510267","96.50","","","Moreno Valley","CA","24294 Fiji Drive","Detached","","92551","252000.00","Purchase","247435.00","Clara Tran",""
"Fixed","","08/06/2015","425000.00","Michael","Barochiere","567493804","Andrea","Barochiere","615247662","","","","","","","P","V","4.000","Stephanie Wade","1921510678","83.61","","","Murrieta","CA","26718 Trafalgar Way","PUD","","92563","425000.00","Refinance","361568.00","Clara Tran",""
"Fixed","","08/14/2015","870779.00","Zhen Zhi","Wang","623156551","","","","Ke Yu","Wang","618150994","","","","","","4.125","Patricia Chavez","3681510227","47.08","","","Newark","CA","38194 Luma Terrace","Detached","","94560","870779.00","Purchase","410000.00","Isayda Aguilar",""
"Fixed","","10/21/2015","153000.00","Jay-Anne","Escobar","384190178","","","","","","","","","","","","4.750","Laurie Allen","1921510681","80.00","","","Apple Valley","CA","19055 Pamela Lane","PUD","","92308","150000.00","Purchase","120000.00","Clara Tran",""
"Fixed","","08/21/2015","200000.00","Jose","Sandoval","625310666","","","","Flor","Lopez","288330740","","","","F","","3.875","Griselda Gandara","3211510121","96.50","","","San Bernardino","CA","3570 Gray Street","Detached","","92407","163000.00","Purchase","160047.00","Tanya Huston",""
"Fixed","","10/13/2015","211000.00","VICTOR","HAYSLETT","491583144","ELNORA","HAYSLETT","564358693","","","","","","","","","4.500","Stacye Whitt","3051510276","96.50","","","LANCASTER","CA","3107 VIA DE FLORES","Detached","","93535","210000.00","Purchase","206196.00","Jean Garcia",""
"Fixed","","10/29/2015","160000.00","Cynthia","Moreno","613687895","","","","","","","","","","S","","4.375","Myra Alvarez","3491510426","96.50","","","Madera","CA","349 Hull Avenue","Detached","","93638","159900.00","Purchase","157003.00","Ruth Sneed",""
"ARM","","10/08/2015","825000.00","John","Engvall","558965624","Andrea","Freeburg","564685484","","","","","","","W","L","5.875","Mark Frassica","3881510080","70.00","","","Morro Bay","CA","2465 Juniper Avenue","Detached","","93442","825000.00","Purchase","577500.00","Underwriter Investor",""
"Fixed","","08/17/2015","325000.00","SILBIA","ZUNIGA","572833013","","","","","","","","","","G","","3.000","Eric Hasanoff","3481510224","","","","pomona","CA","1930 JAMES PLACE","Detached","","91767","","PurchaseMoneySecond","15500.00","Elaine Clark",""
"Fixed","","08/17/2015","325000.00","SILBIA","ZUNIGA","572833013","","","","","","","","","","G","","0.000","Eric Hasanoff","3481510225","","","","POMONA","CA","1930 JAMES PLACE","Detached","","91767","","","9021.00","Elaine Clark",""
"Fixed","","10/22/2015","350000.00","RUDY","ESPARZA","558573370","","","","","","","","","","","","4.125","Lori Printy","1481510733","96.50","","","CORONA","CA","1102 PLACID DRIVE","Detached","","92880","340000.00","Purchase","333841.00","Lynne Chandler-Garrison",""
"Fixed","","09/14/2015","175000.00","Jovanny","Velasquez","625308568","Lucero","Hernandez","605461292","Jose","Velasquez","616129413","Elva","Munoz Gastelum","655746933","F","","4.250","Araceli Alonso","1591511422","96.50","","","Bakersfield","CA","2917 JORIE AVENUE","Detached","","93304","175000.00","Purchase","171830.00","Jean Garcia",""
"Fixed","","10/27/2015","280000.00","NESTOR","HERNANDEZ","612353587","","","","PRICELLA","MORALES","608224382","","","","A","","4.125","Manuel Corral","1481510747","96.50","","","RIALTO","CA","295 NORTH SMOKE TREE AVENUE","Detached","","92376","269900.00","Purchase","265010.00","Tess Anson",""
"Fixed","","08/24/2015","115000.00","ALBERTO","YEPEZ","610161630","","","","","","","","","","","","4.250","Bertha Medina","3861510138","96.50","","","MODESTO","CA","812 IMPERIAL AVENUE","Detached","","95358","115000.00","Purchase","112917.00","Elaine Clark",""
"Fixed","","10/27/2015","260000.00","Kelli","Yanes","613524378","","","","Aaron","Pittman","607050387","","","","M","","3.750","Jason Delaney","1111510184","95.00","","","Highland","CA","27421 Stratford Street","Detached","","92346","255000.00","Purchase","246489.00","Gina McKeen-Chaplin",""
"Fixed","","09/28/2015","455000.00","Clayton","Price-Brown","323600525","","","","","","","","","","L","","4.250","Nicole Donn","3631510075","69.23","","","Richmond","CA","3328 Morningside Drive","Detached","","94803","455000.00","Refinance","315000.00","Clara Tran",""
"Fixed","","09/02/2015","660000.00","Antonina","Sanfilippo","570113693","","","","Ricardo","Gomez","569875075","","","","","","3.875","Milo Grecian","3921510434","80.00","","","San Diego","CA","2432 Burgener Boulevard","Detached","","92110","660000.00","Refinance","528000.00","Underwriter Investor",""
"Fixed","","10/01/2015","195000.00","Mohamad","Khattab","602807716","","","","Ibrahim","Khattab","458515988","Iman","Khattab","605053371","","","4.250","Mike Berrios","1821510173","75.00","","","Victorville","CA","13939 Kicking Horse Circle","Detached","","92394","184000.00","Purchase","138000.00","Tanya Huston",""
"Fixed","","10/09/2015","173000.00","Jose","Rivas","569275195","Martina","Quintero De Rivas","608942695","","","","","","","","","4.125","Fidel Dorado","3491510441","80.00","","","Madera","CA","577 Barbera Avenue","Detached","","93637","165000.00","Purchase","132000.00","Valerie Cheatwood",""
"Fixed","","10/01/2015","240000.00","Marcos","Lopez","623426616","Angelina","Lopez","602520091","","","","","","","A","","4.500","Patricia Ceja","3621510261","96.50","","","Antioch","CA","1124 Klengel Street","Detached","","94509","245000.00","Purchase","235653.00","Jean Garcia",""
"Fixed","","08/26/2015","295000.00","Donnie","Marquez","616346779","","","","Susan","Marquez","604421357","","","","J","","4.000","John Trujillo","1061511062","75.93","","","Palmdale","CA","38310 Bonino Drive","Detached","","93551","295000.00","Refinance","227920.00","Patricia Barbarin",""
"Fixed","","10/26/2015","280000.00","James","Urbanos","483545255","Judy","Urbanos","564764348","","","","","","","J","","3.750","Gregory Elliott","1051510336","91.07","","","Wildomar","CA","33882 Barrengo Drive","Detached","","92595","280000.00","Purchase","255000.00","Gina McKeen-Chaplin",""
"Fixed","","08/28/2015","235000.00","Evaristo","Gomez","616864286","","","","","","","","","","","","4.375","Todd Iles","3211510134","80.00","","","Rialto","CA","1579 N Millard Ave","Detached","","92376","235000.00","Refinance","188000.00","Christopher Smart",""
"Fixed","","10/14/2015","253000.00","Luis","Garcia","619241184","","","","","","","","","","A","","4.250","Mitch Samimi","1381510306","96.50","","","Victorville","CA","11837 Trailwood Street","Detached","","92392","252900.00","Purchase","248318.00","Ann Polito",""
"Fixed","","10/14/2015","290000.00","Rick","Nolan","566135481","","","","Ignacio","Rodriguez","562954366","","","","","","4.500","Maria Martinez","1921510758","96.50","","","Wildomar","CA","21950 Boggs Lane","Detached","","92595","290000.00","Purchase","284747.00","Jean Garcia",""
"Fixed","","09/03/2015","253000.00","Ryan","Buchanan","614104905","","","","","","","","","","N","","4.250","Ron Gregory","3921510441","71.15","","","Fresno","CA","8528 North Recreation Avenue","Detached","","93720","253000.00","Refinance","180000.00","Valerie Cheatwood",""
"Fixed","","10/02/2015","172000.00","Ambrosio","Damaso Alatorre","019194108","Juana","Vasquez","602164566","","","","","","","E","","3.750","Joe Navarro","1591511492","96.50","","","Bakersfield","CA","1015 Berkshire Road","Detached","","93307","169000.00","Purchase","165938.00","Tess Anson",""
"Fixed","","10/01/2015","400000.00","Jose","Ramos Portillo","603312896","","","","","","","","","","F","","3.875","Mike Berrios","1821510181","94.76","","","Bloomington","CA","9748 Locust Avenue","Detached","","92316","375000.00","Purchase","361568.00","Jean Garcia",""
"Fixed","","10/26/2015","306000.00","Richard","Stanton","548771278","","","","","","","","","","B","","3.625","Heather Maclennan","1921510772","100.00","","","Lake Elsinore Area","CA","33270 Gillette Street","Detached","","92530","306000.00","Purchase","312579.00","Laura Leenknecht",""
"Fixed","","09/05/2015","250000.00","Aurelio","Diaz Juarez","611473764","Edna","Solorzano Diaz","550899403","","","","","","","","N","3.250","Maria Martinez","1921510785","3.00","","","Lake Elsinore","CA","192 South Torn Ranch Road","Detached","","92530","250000.00","PurchaseMoneySecond","7500.00","Clara Tran",""
"Fixed","","10/16/2015","335000.00","Michael","Looney","549802627","","","","","","","","","","D","","4.375","Tracina Johnson","3621510300","80.00","","","Antioch","CA","3817 Killdeer Drive","Detached","","94509","335000.00","Refinance","268000.00","Valerie Cheatwood",""
"Fixed","","09/11/2015","690000.00","Robert","Santos","576084628","Celia","Santos","576631328","","","","","","","C","D","3.875","Mary Joe Sato","5201510011","80.99","","","Kahului","HI","282 Naholo Circle","Detached","","96732","690000.00","Refinance","558800.00","Christopher Smart",""
"Fixed","","10/28/2015","321000.00","Pablo","Cardenas","787579948","Leticia","Cardenas","602383024","","","","","","","D","","3.875","George Munoz","3621510309","96.50","","","Oakley","CA","2003 West Summerfield Court","Detached","","94561","321000.00","Purchase","315185.00","Isayda Aguilar",""
"Fixed","","10/23/2015","302000.00","LORETTA","AMITOELAU","566945255","","","","","","","","","","M","","4.750","Christopher Haun","1761510139","97.00","","","ONTARIO","CA","2802 OAK CREEK DRIVE #C","PUD","","91761","296000.00","Purchase","287120.00","Elaine Clark",""
"Fixed","","10/21/2015","298000.00","Jennifer","Fegalquin","732037247","","","","","","","","","","","","3.750","Christa Martinez","1591511566","94.44","","","Bakersfield","CA","11112 Alexander Falls Avenue","Detached","","93312","287000.00","Purchase","275793.00","Jean Garcia",""
"ARM","","09/11/2015","775000.00","Nicholas","Wirick","572477182","Kathryn","Wirick","619079914","","","","","","","R","F","5.750","Todd Iles","3211510141","69.55","","","Riverside","CA","7976 Kimberly Jean Court","Detached","","92506","775000.00","Purchase","539000.00","Underwriter Investor",""
"Fixed","","10/08/2015","185000.00","Morgan","Guenther","615301705","","","","","","","","","","","","3.875","John Trujillo","1061511104","96.50","","","Lancaster","CA","43301 Echard Avenue","Detached","","93536","185000.00","Purchase","181649.00","Patricia Barbarin",""
"Fixed","","10/07/2015","365000.00","Chip","Sulcer","466654355","Regina","Murray","541884909","","","","","","","H","M","4.125","Kathryn Keller","6651510029","90.00","","","Seattle","WA","2442 SW Webster Street","PUD","","98106","365000.00","Refinance","328500.00","Carol King",""
"Fixed","","10/21/2015","414000.00","Peng","Oeung","603354811","","","","","","","","","","L","","4.250","Cathy Lopez","3571510194","80.00","","","Fontana","CA","16272 Star Crest Way","Detached","","92336","414000.00","Refinance","331200.00","Christopher Smart",""
"Fixed","","10/08/2015","330000.00","Raul","Ramirez II","525299756","David","Geary","308022268","","","","","","","H","B","4.250","Joseph Puckett","4001510161","100.00","","","Sacramento","CA","3309 Chenu Ave.","Detached","","95821","330000.00","Purchase","337920.00","Gina McKeen-Chaplin",""
"Fixed","","10/27/2015","220000.00","Carlos","Garavito","626108511","Jesica","Garavito","610360931","","","","","","","J","R","4.250","Tom Donatoni","3471510139","96.50","","","San Bernardino","CA","944 West 23rd Street","Detached","","92405","220000.00","Purchase","216015.00","Lynne Chandler-Garrison",""
"Fixed","","09/15/2015","353000.00","Alisa","Dieterich","626052431","","","","","","","","","","","","3.750","Eric Lawson","3681510316","96.50","","","El Dorado Hills","CA","967 Big Sur Court","Detached","","95762","353000.00","Purchase","346606.00","Isayda Aguilar",""
"Fixed","","10/02/2015","165000.00","Inocencio","Castillo Rosales","851835917","Elva","Velazquez Garcia","626168140","","","","","","","","","4.500","Jennifer Phelan","3841510061","75.76","","","Stockton","CA","8219 Bernay Drive","Detached","","95210","165000.00","Refinance","125000.00","Patricia Barbarin",""
"Fixed","","10/18/2015","240000.00","Brent","Nicolas","546932458","","","","","","","","","","S","","4.625","James Kreminski","3121510028","71.15","","","Redmond","OR","5285 SW Helmholtz Way","ManufacturedMultiwide","","97756","240000.00","Refinance","170750.00","Patricia Barbarin",""
"Fixed","","10/29/2015","225000.00","Jerry","Dunning","545526270","Gail","Dunning","552625594","","","","","","","D","A","4.000","Michael Botelho","3621510324","100.00","","","Biggs","CA","2918 S 5th Avenue","Detached","","95917","225000.00","Purchase","225000.00","Ruth Sneed",""
"Fixed","","10/08/2015","440000.00","GABRIEL","RAMOS","554914543","","","","","","","","","","","","4.250","John Thomas","6521510382","70.91","","","FONTANA","CA","14972 MOUNT PALOMAR LANE","Detached","","92336","440000.00","Refinance","312000.00","Carol King",""
"Fixed","","10/12/2015","370000.00","Harry","Mitchell","570377983","Vicki","Mitchell","570873213","","","","","","","A","A","4.125","Rene Zamora-Melgoza","3381510441","100.00","","","Ripon","CA","254 Oregon Avenue","Detached","","95366","367000.00","Purchase","379111.00","Gina McKeen-Chaplin",""
"Fixed","","10/13/2015","375000.00","Maria","Mata","545834314","","","","Katy","Mata","603463159","","","","C","","4.250","Griselda Gandara","3211510151","96.50","","","La Puente","CA","658 Willow Avenue","Detached","","91746","375000.00","Purchase","368207.00","Lynne Chandler-Garrison",""
"Fixed","","10/09/2015","125000.00","MARIA","VEGAS","567690179","","","","","","","","","","L","","4.500","Kelly Carrera","1591511630","84.50","","","BAKERSFIELD","CA","2708 POPPY STREET","Detached","","93306","125000.00","Purchase","107478.00","Tess Anson",""
"Fixed","","09/18/2015","310000.00","Douglass","Kort","557682035","Janet","Kort","557963406","","","","","","","W","","3.875","Todd Iles","3211510152","41.61","","","Riverside","CA","4662 Marmian Way","Detached","","92506","310000.00","Refinance","129000.00","Lynne Chandler-Garrison",""
"Fixed","","09/18/2015","235000.00","SALVADOR","RUVALCABA","611947442","","","","","","","","","","","","4.625","Eduasyv Garcia","3791510503","70.00","","","Sacramento","CA","1500 - 1504 FERRAN AVENUE","Detached","","95832","235000.00","Purchase","164500.00","Monica Alvarez",""
"Fixed","","10/15/2015","540000.00","Thomas","Kleinsmith","609101267","Nima","Stadler","553890764","","","","","","","","","4.000","Stephen Simpson","3921510463","80.00","","","San Diego","CA","5652 Meade Avenue","Detached","","92115","539500.00","Purchase","431600.00","Christopher Smart",""
"Fixed","","10/02/2015","87000.00","Veronica","Gomez","733100460","","","","","","","","","","I","","4.250","Sandra Diaz","1591511632","96.50","","","Bakersfield","CA","499 PACHECO ROAD SPACE # 145","ManufacturedMultiwide","","93307","87000.00","Purchase","85424.00","Jean Garcia",""
"Fixed","","10/14/2015","222000.00","Jesse","Chavira","547536469","Victoria","Chavira","557839787","","","","","","","F","M","4.500","Myra Alvarez","3491510470","96.50","","","Madera","CA","2521 Meadowrest Way","Detached","","93637","222000.00","Purchase","217979.00","Laura Leenknecht",""
"Fixed","","10/27/2015","315000.00","Timothy","Rose","620036510","Kimberly","Rose","558973815","","","","","","","W","D","3.875","Murad Mustafa","3131510008","96.73","","","Yucaipa","CA","34036 Lily Road, Unit 20","Condominium","","92399","315000.00","Refinance","310047.00","Patricia Barbarin",""
"Fixed","","10/19/2015","230000.00","Anna","Dames","267570563","","","","","","","","","","","","4.875","Thomas Louisignau","6521510386","95.00","","","SAN BERNARDINO","CA","25562 EDGEMONT DRIVE","Detached","","92404","229900.00","Purchase","218405.00","Carol King",""
"Fixed","","10/21/2015","335000.00","Jesus","Blanco","628223120","Hilda","Blanco","558832940","","","","","","","A","","4.750","Rene Zamora-Melgoza","3381510451","95.00","","","Riverbank","CA","5912 Mc Arthur Court","Detached","","95367","335000.00","Purchase","318250.00","Clara Tran",""
"Fixed","","09/25/2015","220000.00","Kirvan","Seales","114888168","Lauryn","Jordan","547793205","","","","","","","","","5.125","Rene Zamora-Melgoza","3381510454","80.00","","","Stockton","CA","4415 Lorenzo Lane","PUD","","95207","210000.00","Purchase","168000.00","Carol King",""
"Fixed","","09/29/2015","213000.00","Barbara","Hazard","554251724","","","","","","","","","","","","4.500","Debra McDonough","1061511126","96.50","","","Lancaster","CA","45847 Picadilly Street","Detached","","93534","210000.00","Purchase","206196.00","Patricia McCanna",""
"Fixed","","10/02/2015","362000.00","Shannon","Bender","624033426","","","","","","","","","","","","3.875","Heather Maclennan","1921510851","79.56","","","Menifee","CA","26789 Hanalei Court","PUD","","92586","362000.00","Refinance","288000.00","Clara Tran",""
"Fixed","","09/21/2015","215000.00","Ruben","Salas","553450652","","","","","","","","","","","","3.250","Jeffry Lopez","3791510508","3.00","","","SAN BERNARDINO","CA","3480 North Mountain View Avenue","Detached","","92405","215000.00","Second","6450.00","Monica Alvarez",""
"Fixed","","09/22/2015","220000.00","LESLIE","JOHNSON","553040819","","","","","","","","","","","","0.000","Alexio Torres","3051510308","5.80","","","SAN DIEGO","CA","2883 CASEY STREET - UNIT#A","Condominium","","92139","220000.00","PurchaseMoneySecond","12770.00","Carol King",""
"Fixed","","10/02/2015","500000.00","Miguel","Gonzalez","571254026","Darlene","Gonzalez","565378577","","","","","","","A","","4.500","Silverio Garcia","3381510462","98.76","","","Santa Paula","CA","880 Vista Grande Drive","Detached","","93060","494000.00","Purchase","502443.00","Carol King",""
"Fixed","","10/26/2015","580000.00","Jason","Amerine","570251678","Michelle","Amerine","556650319","","","","","","","","","4.250","Trevor Frey","3621510349","96.50","","","Brentwood","CA","1163 Hollowbrook Court","Detached","","94513","525000.00","Purchase","515490.00","Isayda Aguilar",""
"Fixed","","09/25/2015","410000.00","Gabriel","Delgadillo","570212870","","","","Diego","Zabala","623327754","","","","V","","3.875","Silverio Garcia","3381510466","73.80","","","Oxnard","CA","4600 South G  Street","Detached","","93033","410000.00","Refinance","307895.00","Tess Anson",""
"Fixed","","10/16/2015","230000.00","Donald","Hathaway","565067828","Joanne","Hathaway","555040829","","","","","","","R","E","4.625","Ryan Moss","3531510102","66.24","","","Ontario","CA","3120 East Milano Unit U-B","Condominium","","91761","230000.00","Purchase","152350.00","Patricia Barbarin",""
"Fixed","","09/29/2015","190000.00","Jorge","De Haro","560732575","","","","","","","","","","","","4.125","Sandra Diaz","1591511661","96.50","","","Bakersfield","CA","2704 TROPICAL AVENUE","Detached","","93313","189990.00","Purchase","186548.00","Tess Anson",""
"Fixed","","09/23/2015","355000.00","Liping","Ren","610353629","","","","","","","","","","","","4.875","Oscar Campa","3141510002","70.00","","","Ontario","CA","939-939A  EAST D STREET","Detached","","91764","355000.00","Refinance","248500.00","Valerie Cheatwood",""
"Fixed","","10/09/2015","305000.00","NICOLE","MCCANN","605097109","","","","","","","","","","","","4.000","John Thomas","6521510390","96.50","","","RIVERSIDE","CA","2825 CALLE TIERRA SANTA","Detached","","92503","305000.00","Purchase","299475.00","Elaine Clark",""
"Fixed","","09/28/2015","490000.00","Ulyana","Chernyak","440270532","","","","","","","","","","G","","4.375","Silverio Garcia","3381510467","85.51","","","Camarillo","CA","504 Merritt Avenue","Detached","","93010","490000.00","Refinance","419000.00","Clara Tran",""
"Fixed","","10/29/2015","495000.00","CAMERON","HOLMES","626011261","CORNELIA","HOLMES","623758255","","","","","","","L","","4.375","Manuel Corral","1481510804","80.00","","","CHINO HILLS","CA","4000 ROSEBAY STREET","Detached","","91709","495000.00","Purchase","396000.00","Lynne Chandler-Garrison",""
"Fixed","","10/08/2015","118000.00","JOSE","RIVERA GUDINO","603182726","","","","","","","","","","","","4.125","Bertha Medina","3861510181","96.50","","","MODESTO","CA","4729 YOSEMITE BOULEVARD","Detached","","95357","118000.00","Purchase","115862.00","Tanya Huston",""
"Fixed","","09/25/2015","670000.00","Frances","Lowe","613680701","","","","","","","","","","","","4.125","Mary Vera","3681510346","75.00","","","Oakland","CA","1460 34th Street","Condominium","","94608","670000.00","Purchase","502500.00","Isayda Aguilar",""
"Fixed","","09/28/2015","268000.00","ALEJANDRO","AGUILAR","573813742","MAYRA","LANDEROS AGUILAR","551872400","","","","","","","","","3.125","Eric Lopez","3861510186","55.60","","","CERES","CA","986 SUN MEADOW DRIVE","Detached","","95307","268000.00","Refinance","149000.00","Tanya Huston",""
"Fixed","","10/07/2015","237000.00","Balwant","Singh","620475884","","","","Manish","Dabas","384334943","","","","","","4.375","Mike Berrios","1821510201","96.50","","","Victorville","CA","15061 Sorrel Road","Detached","","92394","237000.00","Purchase","232707.00","Elaine Clark",""
"Fixed","","10/07/2015","484000.00","Ralph","Villegas","548061472","Linda","Villegas","552132649","","","","","","","G","J","3.750","Heather Maclennan","1921510867","96.54","","","Murrieta","CA","40208 Saddlebrook Street","Detached","","92563","505000.00","Purchase","482669.00","Gina McKeen-Chaplin",""
"Fixed","","09/30/2015","122000.00","Alfonso","Solano","623570044","","","","","","","","","","","","4.000","Jose Villafan","1681510156","96.50","","","Fresno","CA","624 North Sierra Vista Avenue","Detached","","93702","95000.00","Purchase","93279.00","Patricia Barbarin",""
"Fixed","","10/21/2015","360000.00","Jonathan","Covert","607505320","","","","","","","","","","D","","4.250","Tom Donatoni","3471510146","80.00","","","Rancho Cucamonga","CA","7331 Shelby Place #35","Condominium","","91739","353000.00","Purchase","282400.00","Laura Leenknecht",""
"Fixed","","10/19/2015","125000.00","Eduardo","Quiles","581218432","","","","","","","","","","","","3.750","Timothy Silva","1451510197","100.00","","","Barstow","CA","448 Fenmore Drive","Detached","","92311","125000.00","Purchase","129125.00","Gina McKeen-Chaplin",""
"Fixed","","10/08/2015","157000.00","ANGELICA","RIOS","609385175","","","","","","","","","","","","4.125","Manuel Corral","1481510812","96.50","","","SAN BERNARDINO","CA","3050 GLENVIEW AVENUE","Detached","","92407","155000.00","Purchase","152192.00","Ruth Sneed",""
"Fixed","","09/30/2015","1000000.00","Michael","Van Valkenburgh","555435842","Elizabeth","Van Valkenburgh","569358533","","","","","","","R","A","3.875","Murad Mustafa","3131510011","75.00","","","San Dimas","CA","745 North Walnut Avenue","Detached","","91773","1000000.00","Refinance","750000.00","Underwriter Investor",""
"Fixed","","10/26/2015","149000.00","Jonathan","Edwards","248890542","Laura","Edwards","618201393","","","","","","","C","C","3.625","Timothy Silva","1451510201","96.50","","","Barstow","CA","34425 K Street","Manufactured","","92311","149000.00","Purchase","146301.00","Tanya Huston",""
"Fixed","","10/15/2015","735000.00","Jason","Jackson","566537104","","","","","","","","","","M","","4.125","Cathy Lopez","3571510210","75.00","","","Los Angeles","CA","1464 South Crescent Heights Boulevard","Detached","","90035","700000.00","Purchase","525000.00","Carol King",""
"Fixed","","09/30/2015","300000.00","Manuel","Acosta Garcia","733207275","Mayra","Acosta","604302665","","","","","","","","","4.500","Mike Berrios","1821510206","96.50","","","Pomona","CA","1795 Fleming Street","Detached","","91766","300000.00","Purchase","294566.00","Elaine Clark",""
"Fixed","","10/21/2015","325000.00","Billy","Newsom","557139895","","","","","","","","","","F","","4.000","Angela Scalise","3681510356","100.00","","","Cobb","CA","16155 Ponderosa Drive","Detached","","95426","325000.00","Purchase","325000.00","Ruth Sneed",""
"Fixed","","10/01/2015","650000.00","Joseph","Lucero","612449369","","","","Felix","Moral","563192505","Audrey","Moral","553397830","","","3.750","Mary Vera","3681510357","96.50","","","Martinez","CA","113-115 Green Street","Detached","","94553","650000.00","Purchase","638226.00","Isayda Aguilar",""
"Fixed","","10/28/2015","270000.00","Monique","Crayton","569534895","","","","","","","","","","","","4.500","Taj Lockett","3621510368","96.50","","","Sacramento","CA","450 Dragonfly Circle","Detached","","95834","258900.00","Purchase","254210.00","Isayda Aguilar",""
"Fixed","","10/06/2015","245000.00","JOSE","SALCIDO","622986209","","","","","","","","","","","","4.750","Eric Lopez","3861510192","95.00","","","MODESTO","CA","5325 AVENUE D","Detached","","95358","245000.00","Purchase","232750.00","Tanya Huston",""
"Fixed","","10/16/2015","225000.00","Tiffany","Arroyo","559930245","","","","","","","","","","","","5.000","Eduasyv Garcia","3791510531","95.00","","","Long Beach","CA","2343 East 17th Street #316","Condominium","","90804","225000.00","Purchase","213750.00","Monica Alvarez",""
"Fixed","","10/13/2015","105000.00","Jesus","Gutierrez","618051429","","","","","","","","","","","","4.875","Christa Martinez","1591511716","80.00","","","Bakersfield","CA","1812 Filson Street","Detached","","93307","99900.00","Purchase","79920.00","Laura Leenknecht",""
"Fixed","","10/21/2015","240000.00","Albert","Ortiz","566459696","","","","","","","","","","R","","4.000","Kelly Carrera","1591511717","75.21","","","Bakersfield","CA","2505 McCurdy Drive","Detached","","93306","240000.00","Refinance","183658.00","Tess Anson",""
"Fixed","","10/02/2015","300000.00","Marcela","Navarro","609169822","","","","Maria Beatriz","Calvario","608283641","","","","","","4.500","Tiffany Hines","3791510535","96.50","","","Compton","CA","728 South Locust Circle","Detached","","90221","300000.00","Purchase","294566.00","Monica Alvarez",""
"Fixed","","10/09/2015","425000.00","Jason","Early","558611762","","","","","","","","","","M","","3.500","Claudia Mauri-Rodgers","3621510373","100.00","","","Brentwood","CA","12 Pippo Place","Detached","","94513","412000.00","Purchase","420858.00","Ruth Sneed",""
"Fixed","","10/16/2015","180500.00","EDWARD","MATHEWS","549438976","","","","","","","","","","J","","4.500","Andrew Sullivan","1441510208","95.00","","","BARSTOW","CA","2010 RUBY DRIVE","Detached","","92311","180000.00","Purchase","171000.00","Carol King",""
"Fixed","","10/27/2015","199000.00","Alberta","Chavez","617094343","","","","","","","","","","","","3.750","Thomas Louisignau","6521510404","96.50","","","Highland","CA","27167 10th Street","Detached","","92346","199000.00","Purchase","195395.00","Elaine Clark",""
"Fixed","","10/18/2015","310000.00","Kevin","Seishas","613328922","","","","Adam","Seishas","547955878","","","","P","","3.750","Joseph Puckett","4001510182","96.50","","","Elk Grove","CA","9576 Arcada Ct","Detached","","95624","300000.00","Purchase","294566.00","Clara Tran",""
"Fixed","","10/16/2015","375000.00","CAROLYN","SALLIS","547567436","","","","","","","","","","E","","4.375","Humberto Aranda","1681510165","80.00","","","SANTA CLARITA","CA","19515 BRENDLE WAY","Condominium","","91321","375000.00","Purchase","300000.00","Valerie Cheatwood",""
"Fixed","","10/16/2015","298000.00","ARISTEO","HERNANDEZ","604126789","","","","","","","","","","","","3.750","Cristobal Arauz","2591510162","44.63","","","Moreno Valley","CA","26800 Calle Luna","PUD","","92555","298000.00","Purchase","135327.00","Elaine Clark",""
"Fixed","","10/26/2015","370000.00","Luis","Castillo","624159139","Rosa","Portillo","233650843","","","","","","","S","M","3.875","Silverio Garcia","3381510500","96.50","","","Moorpark","CA","11877 Nightingale Street","PUD","","93021","369100.00","Purchase","362414.00","Elaine Clark",""
"Fixed","","10/21/2015","550500.00","Monica","Jaikaran","564570667","","","","","","","","","","","","3.750","Stephen Simpson","3921510488","75.75","","","San Diego","CA","2826 B Street","Detached","","92102","550500.00","Refinance","417000.00","Laura Leenknecht",""
"Fixed","","10/19/2015","310000.00","Marla","Soto","569131704","","","","","","","","","","C","","4.750","Mike Berrios","1821510210","95.00","","","Rancho Cucamonga","CA","7331 Belpine pl #29","Condominium","","91730","310000.00","Purchase","294500.00","Christopher Smart",""
"Fixed","","10/21/2015","500000.00","Matthew","Martinez","618228912","Jeannette","Gonzalez","565638590","","","","","","","A","","4.500","Denise Garcia","3571510213","79.20","","","Whiitier","CA","10208 Deveron Drive","Attached","","90601","500000.00","Refinance","396000.00","Tanya Huston",""
"Fixed","","10/27/2015","460000.00","Douglas","Hampton","305847198","","","","","","","","","","M","","4.125","Robert Behic","3261510136","96.20","","","Murrieta","CA","39721 Calle Azucar","Detached","","92562","460000.00","Refinance","457102.00","Ruth Sneed",""
"Fixed","","10/30/2015","520000.00","David","Hennings","602017902","","","","","","","","","","J","","4.250","William Morris","1921510896","76.92","","","San Clemente","CA","3011 Rosalinda #60","Condominium","","92673","520000.00","Refinance","400000.00","Jean Garcia",""
"Fixed","","10/06/2015","430000.00","Richard","Ellinger","060621720","","","","","","","","","","J","","3.750","Milo Grecian","3921510489","93.02","","","La Mesa","CA","8160 Whitehead Place","Detached","","91942","","Refinance","400000.00","Laura Leenknecht",""
"Fixed","","10/20/2015","195000.00","Jamie","Ferguson","608563357","","","","","","","","","","","","4.125","Stephen Simpson","3921510490","90.00","","","San Diego","CA","3030 Suncrest Drive #313","Condominium","","92116","190000.00","Purchase","171000.00","Clara Tran",""
"Fixed","","10/12/2015","140000.00","Eliuth","Garcia","624603098","","","","","","","","","","","","4.250","Arturo Esparza","3071510253","74.79","","","Bakersfield","CA","8506 Ponderosa Avenue","Detached","","93306","140000.00","Refinance","104700.00","Silvia Vallejos",""
"Fixed","","10/14/2015","232000.00","Bernardo","Alonso","620244531","","","","","","","","","","J","","4.125","Patricia Chavez","3681510375","54.96","","","Sacramento","CA","4441 Art Parkway","Detached","","95823","232000.00","Refinance","127500.00","Isayda Aguilar",""
"Fixed","","10/08/2015","535000.00","Mary","Froemming","564693589","","","","","","","","","","E","","4.375","Terry Bleecker","1681510168","70.00","","","Valencia","CA","23623 Gravino Road","PUD","","91355","535000.00","Refinance","374500.00","Ann Polito",""
"Fixed","","10/07/2015","250000.00","ALFREDO","ROMAN","573874987","","","","MARIA","ROMAN","611652620","","","","","","3.875","Manuel Corral","1481510832","66.30","","","JURUPA VALLEY","CA","4070 RENEE AVENUE","Detached","","92509","250000.00","Refinance","168650.00","Clara Tran",""
"Fixed","","10/07/2015","255000.00","DANIEL","MUNDELL","538588003","RENE","MUNDELL","537580768","","","","","","","C","A","3.500","Craig Steele","5051510010","80.78","","","Kailua Kona","HI","75-6081 ALII DRIVE #W104","Condominium","","96740","255000.00","Refinance","209605.00","Carol King",""
"Fixed","","10/16/2015","660000.00","Stephen","Patterson","554863276","Bernadette","Patterson","567672093","","","","","","","D","H","4.000","Terry Bleecker","1681510169","80.00","","","Stevenson Ranch","CA","25308 Keats Lane","PUD","","91381","660000.00","Purchase","528000.00","Patricia McCanna",""
"Fixed","","10/07/2015","166000.00","IRENE","ROBLES","566086180","","","","","","","","","","","","4.875","Gicela Frias","6571510096","75.00","","","Victorville","CA","14211 SURREY COURT","Detached","","92394","166000.00","Purchase","124500.00","Monica Alvarez",""
"Fixed","","10/07/2015","143000.00","Jose","Gontiz Delgado","607288786","","","","","","","","","","G","","4.250","Rene Zamora-Melgoza","3381510506","96.50","","","Modesto","CA","322 Thrasher Avenue","Detached","","95354","143000.00","Purchase","140409.00","Valerie Cheatwood",""
"Fixed","","10/08/2015","325000.00","Robert","Atkin","550600886","","","","","","","","","","B","","4.875","Robert Behic","3261510138","80.00","","","San Diego","CA","2438 Commercial Street","Detached","","921131112","325000.00","Purchase","260000.00","Ann Polito",""
"Fixed","","10/13/2015","161000.00","Jesus","Garcia Jr","602509407","","","","","","","","","","","","4.000","Sandra Diaz","1591511743","96.50","","","Arvin","CA","325 B Street","Detached","","93203","161000.00","Purchase","158083.00","Tess Anson",""
"Fixed","","10/15/2015","347000.00","DAVID","MARTINEZ","623124433","GABRIELA","MARTINEZ","572971621","","","","","","","J","N","4.375","Kelly Davis","1441510212","96.50","","","POMONA","CA","1735 FELLOWS PLACE","Detached","","91767","350000.00","Purchase","340714.00","Elaine Clark",""
"Fixed","","10/23/2015","399950.00","Sarah","Howe","569713598","Kathleen","Howe","360728189","","","","","","","","","3.875","Kathryn Keller","6651510038","96.28","","","Renton","WA","3627 NE 6th St","Detached","","98056","399950.00","Refinance","391798.00","Carol King",""
"Fixed","","10/09/2015","941000.00","LEE","LUBIN","561337611","","","","","","","","","","","","4.250","Terry Bleecker","1681510170","63.23","","","Tarzana","CA","19310 Califa Street","Detached","","91356","941000.00","Refinance","595000.00","Ruth Sneed",""
"Fixed","","10/26/2015","215000.00","STEPHANIE","FENTON","618076221","","","","","","","","","","","","3.750","John Thomas","1441510215","96.50","","","HELENDALE","CA","14858 TOURNAMENT DRIVE","PUD","","92342","213950.00","Purchase","210074.00","Carol King",""
"Fixed","","10/15/2015","435000.00","Ronald","Hinkle","553371439","Susan","Hinkle","549131973","","","","","","","A","M","4.250","Leonard Briones","3621510395","100.00","","","Discovery Bay","CA","123 Tennyson Court","Detached","","94505","420000.00","Purchase","429030.00","Ruth Sneed",""
"Fixed","","10/20/2015","375000.00","Benjamin","Banuelos","607422456","Luz","Torres","623941183","","","","","","","","","4.000","Armando Novelo","3161510000","68.80","","","Chino","CA","11936 Dunlap Ave","Detached","","91710","375000.00","Refinance","258000.00","Christopher Smart",""
"Fixed","","10/20/2015","485000.00","Kevin","Herriott","612304451","","","","","","","","","","A","","4.250","Tom Donatoni","3471510150","75.26","","","Upland","CA","1621 Lakewood Avenue","Detached","","91784","485000.00","Refinance","365000.00","Laura Leenknecht",""
"Fixed","","10/26/2015","155000.00","John","Slate","555808420","Janet","Slate","560113474","","","","","","","W","A","4.000","Armando Sandoval","1921510908","85.00","","","Calimesa","CA","9578 Sharondale Rd #57","ManufacturedMultiwide","","92320","155000.00","Purchase","134055.00","Ann Polito",""
"Fixed","","10/09/2015","338000.00","SANDRA","OLIVARES","547934969","","","","LICET","OLMEDO","624166001","","","","","","3.375","Abraham Diaz","6571510097","96.50","","","Compton","CA","795 WEST PALM STREET","Detached","","90220","338000.00","Purchase","331877.00","Monica Alvarez",""
"Fixed","","10/12/2015","652000.00","Steven","Trevino","565677690","Stephanie","Bendlin-Trevino","560755727","","","","","","","","","4.000","Anacany Islas","3711510270","63.96","","","Hacienda Heights Area","CA","2742 Caricia Drive","Detached","","91745","652000.00","Refinance","424297.00","Tess Anson",""
"Fixed","","10/14/2015","620000.00","GLENN","WILLIAMS","555354785","VALERIE","WILLIAMS","546170085","","","","","","","I","A","3.500","Christine Blayney","1671510088","80.00","","","ACTON AREA","CA","2505 BRIDLE PATH DRIVE","Detached","","93510","620000.00","Purchase","496000.00","Ann Polito",""
"Fixed","","10/13/2015","333000.00","Jaime","Cornejo","552610999","Elisa","Cornejo","620123532","","","","","","","","","3.750","Ryan Moss","3531510112","96.50","","","Corona","CA","1966 Longview Drive","Detached","","92882","332000.00","Purchase","325986.00","Patricia Barbarin",""
"Fixed","","10/20/2015","237000.00","Sergio","Banales","545915128","","","","","","","","","","M","","4.000","Don Petty","6731510022","90.00","","","Lake Havasu City","AZ","2390 Palo Verde Blvd N.","Detached","","86404","237000.00","Purchase","213300.00","Clara Tran",""
"Fixed","","10/20/2015","850000.00","Menker","Feleke","228599161","Rehema","Feleke","416312288","","","","","","","N","A","3.750","Denise Garcia","3571510221","71.76","","","Torrance","CA","2631 Grand Summit Road","Attached","","90505","850000.00","Refinance","610000.00","Christopher Smart",""
"Fixed","","10/21/2015","550000.00","DONALD","MUSELLA","563751983","MELANIE","MUSELLA","466836319","","","","","","","R","","3.875","Terry Bleecker","1681510173","75.00","","","Santa Clarita (Valencia Area)","CA","26502 Chiffchaff Court","PUD","","91355","550000.00","Purchase","412500.00","Ann Polito",""
"Fixed","","10/13/2015","135000.00","Oscar","Celio","607782322","","","","","","","","","","","","3.625","Christa Martinez","1591511764","85.38","","","Bakersfield","CA","2522 Lynwood Street","Detached","","93306","135000.00","Purchase","117277.00","Jean Garcia",""
"Fixed","","10/15/2015","249000.00","MARTHA","JIMENEZ","609278962","","","","LAURA","FIERROS","614567784","","","","O","","4.250","Sergio Agudelo","3211510167","95.00","","","San Bernardino","CA","5094 N. Stoddard Ave","Detached","","92407","249000.00","Purchase","236550.00","Lynne Chandler-Garrison",""
"Fixed","","10/16/2015","339145.00","ERIKA","MACHADO","572696259","","","","","","","","","","","","0.000","Olivia Torres","3051510324","3.44","","","FONTANA","CA","14775 WEEPING WILLOW LANE","Detached","","92337","339145.00","PurchaseMoneySecond","11655.00","Gina McKeen-Chaplin",""
"Fixed","","10/21/2015","510000.00","Joslyn","Varnadore","255875445","","","","Daniel","Thornton","605324814","","","","M","","4.125","Patricia Chavez","3681510384","96.50","","","Antioch","CA","3016 Serra Way","PUD","","94509","488995.00","Purchase","480137.00","Isayda Aguilar",""
"Fixed","","10/16/2015","339145.00","ERIKA","MACHADO","572696259","","","","","","","","","","","","3.000","Olivia Torres","3051510325","2.21","","","FONTANA","CA","14775 WEEPING WILLOW LANE","Detached","","92337","339145.00","","7500.00","Gina McKeen-Chaplin",""
"Fixed","","10/15/2015","415000.00","Brian","Swney","157881353","Sarndra","Swney","604702755","","","","","","","T","J","3.375","Todd Iles","3211510170","67.35","","","Riverside","CA","2019 Camden St","Detached","","92506","415000.00","Refinance","279500.00","Christopher Smart",""
"Fixed","","10/13/2015","135000.00","Oscar","Celio","607782322","","","","","","","","","","","","3.000","Christa Martinez","1591511768","5.00","","","Bakersfield","CA","2522 Lynwood Street","Detached","","93306","135000.00","Second","6750.00","Jean Garcia",""
"Fixed","","","550000.00","Eric","Wick","550934716","","","","","","","","","","","","8.000","Lourdes Vasquez","3381510519","75.00","","","Oxnard","CA","tbd","Detached","","93036","550000.00","Purchase","412500.00","",""
"Fixed","","10/13/2015","445000.00","Kasey","Patton","620032201","","","","Leonard","Patton","552661549","","","","D","","4.250","Anacany Islas","3711510272","78.31","","","Upland","CA","1341 Hallwood Court","Detached","","91786","445000.00","Refinance","348500.00","Tess Anson",""
"Fixed","","10/14/2015","300000.00","Brittany","Goodacre","607035938","","","","Nicolas","Bradley","564936143","","","","","","4.250","Stanley Sewell","3791510553","96.50","","","Los Angeles","CA","6322 Arlington Avenue","Detached","","90043","300000.00","Purchase","294566.00","Monica Alvarez",""
"Fixed","","10/21/2015","390000.00","MARK","KINDIG","563376962","DIANA","KINDIG","568252589","","","","","","","E","M","4.250","Humberto Aranda","1681510174","93.00","","","PALMDALE","CA","5532 REGENT HILL TERRACE","Detached","","93551","382000.00","Purchase","355260.00","Ann Polito",""
"Fixed","","10/13/2015","490000.00","Janet","Kinney","558980526","","","","","","","","","","","","4.000","Angela Scalise","3681510386","84.24","","","Pittsburg","CA","1601 Roma Drive","Detached","","94565","490000.00","Refinance","412800.00","Isayda Aguilar",""
"Fixed","","10/15/2015","465000.00","Miles","Neimeyer","613222658","Mary","Neimeyer","612642040","","","","","","","C","G","4.125","Ryan Moss","3531510116","80.00","","","Eastvale","CA","6803 Song Sparrow Road","Detached","","92880","465000.00","Purchase","372000.00","Patricia Barbarin",""
"Fixed","","10/21/2015","416000.00","Daniel","Carrillo","550658725","Julie","Carrillo","615704448","","","","","","","","M","3.750","Joseph Miranda","3571510222","80.00","","","Ontario","CA","2924 South Parco Avenue","Detached","","91761","412000.00","Purchase","329600.00","Patricia McCanna",""
"Fixed","","10/20/2015","310000.00","HAKEEM","WARE","610361616","","","","","","","","","","A","","4.250","Thomas Louisignau","6521510415","96.50","","","FONTANA","CA","17252 LAKEVIEW COURT","Detached","","92336","307000.00","Purchase","301439.00","Valerie Cheatwood",""
"Fixed","","10/21/2015","420000.00","Carol","Woodbridge","565194863","","","","","","","","","","","","4.000","Robb Hatley","3781510133","75.00","","","Portland","OR","7939 SW 71ST AVE","Detached","","97223","420000.00","Refinance","315000.00","Laura Leenknecht",""
"Fixed","","10/16/2015","240000.00","Alejandro","Heredia","547897227","Myra","Pintor","609145915","","","","","","","","A","4.250","Oscar Campa","3141510031","96.50","","","Bloomington","CA","9836 Olive St","Detached","","92316","240000.00","Purchase","235653.00","Gina McKeen-Chaplin",""
"Fixed","","10/22/2015","175000.00","OMAR","MACIEL VALDEZ","762543477","","","","","","","","","","G","","4.000","Manuel Corral","1481510850","96.50","","","SAN BERNARDINO","CA","1190 WEST VINE STREET","Detached","","92411","175000.00","Purchase","171830.00","Ann Polito",""
"Fixed","","10/21/2015","450000.00","MARLENE","RODRIGUEZ","558332840","","","","","","","","","","","","3.875","Manuel Corral","1481510852","93.18","","","WHITTIER","CA","15429 ASHLEY COURT","Condominium","","90603","447500.00","Purchase","424297.00","Ann Polito",""
"Fixed","","10/19/2015","310000.00","NATHAN","NEMNICH","467365479","PATRICIA","NEMNICH","563740875","","","","","","","J","L","4.000","Sherry Perales","3791510556","100.00","","","INDIO","CA","81-319 CORTE COMPRAS","PUD","","92203","306000.00","Purchase","312579.00","Monica Alvarez",""
"Fixed","","10/27/2015","250000.00","Cynthia","Robinett","561868846","","","","","","","","","","A","","4.000","Dana Worthington","3021510132","90.00","","","Bakersfield","CA","4803 McCloud Court","Detached","","93308","250000.00","Purchase","225000.00","Patricia Barbarin",""
"Fixed","","10/15/2015","450000.00","Sandra","Sylvers","566029859","Raymond","Sylvers","562383751","","","","","","","K","","3.875","Angela Scalise","3681510392","91.56","","","Santa Rosa","CA","1321 Miller Dr","Detached","","95403","450000.00","Refinance","419210.00","Isayda Aguilar",""
"Fixed","","10/15/2015","1850000.00","Charles","Shultz","573868508","Anne","Shultz","572910372","","","","","","","A","M","3.000","Roberta Berthold","1381510364","26.22","","","Studio City Area, Los Angeles","CA","4230 Kraft Avenue","Detached","","91604","1850000.00","Refinance","485000.00","Clara Tran",""
"Fixed","","10/21/2015","280000.00","Niquanna","Clemmons","563816864","","","","","","","","","","S","","3.625","Don Petty","1211510161","70.54","","","Riverside","CA","1156 Massachusetts Ave","Detached","","92507","280000.00","Refinance","200956.00","Clara Tran",""
"Fixed","","10/15/2015","775000.00","MICHAEL","METZGER","575025461","","","","","","","","","","G","","3.625","Craig Steele","5051510014","49.81","","","Kailua","HI","1330 AKELE ST","Detached","","96734","775000.00","Refinance","386000.00","Christopher Smart",""
"Fixed","","10/26/2015","750000.00","Michael","Soule","025642309","Heather","Soule","254634421","","","","","","","B","L","4.000","Murad Mustafa","3131510014","72.00","","","Los Angeles","CA","8631 Olin Street","Detached","","90034","750000.00","Refinance","540000.00","Lynne Chandler-Garrison",""
"Fixed","","10/16/2015","560000.00","Kurt","Debniak","363767232","Maria","Jauregui","562614169","","","","","","","D","","4.500","Cordula Bogard","3911510201","87.50","","","San Diego","CA","2982 Shoreline Cove Ct","Condominium","","92117","560000.00","Refinance","506170.00","Gina McKeen-Chaplin",""
"Fixed","","10/27/2015","370000.00","Anthony","Abbott","568066370","","","","","","","","","","W","","3.750","Stephen Simpson","3921510501","84.59","","","El Cajon","CA","12524 Jackson Heights Drive","PUD","","92021","370000.00","Refinance","313000.00","Gina McKeen-Chaplin",""
"Fixed","","10/17/2015","240000.00","Veronica","Jimenez","016338850","","","","Omar","Gonzalez","559653864","","","","D","","4.125","Rene Zamora-Melgoza","3381510528","96.50","","","Modesto","CA","4017 Bridal Veil Court","Detached","","95356","239000.00","Purchase","234671.00","Carol King",""
"Fixed","","10/20/2015","408000.00","Jose","Soto","554776789","Erica","Garibay","570874004","","","","","","","L","E","4.000","Oscar Campa","3141510033","96.50","","","Pico Rivera","CA","6328 Cord Avenue","Detached","","90660","408000.00","Purchase","400610.00","Gina McKeen-Chaplin",""
"Fixed","","10/19/2015","410000.00","Carlos","Rodriguez","551774978","","","","","","","","","","I","","4.500","Silverio Garcia","3381510530","96.50","","","Oxnard","CA","4510 Reading Drive","Detached","","93033","404000.00","Purchase","396682.00","Elaine Clark",""
"Fixed","","10/28/2015","407500.00","JORGE","GALLARDO","573977759","ALMA","GALLARDO","622668699","","","","","","","","","3.750","Manuel Corral","1481510859","96.50","","","GLENDORA","CA","1121 EAST GLADSTONE STREET","Detached","","91740","407500.00","Purchase","400118.00","Tess Anson",""
"Fixed","","10/19/2015","522000.00","Michael","Baraniecki","205429212","Debra","Baraniecki","515723385","","","","","","","J","S","3.875","Betty Stapp","3281510132","92.67","","","Murrieta","CA","38853 Cherry Point Lane","PUD","","92563","522000.00","Refinance","499713.00","Ruth Sneed",""
"Fixed","","10/26/2015","700000.00","Marya","Barefoot","569983128","Bruce","Barefoot","565703172","","","","","","","","","3.875","Tom Donatoni","3471510155","52.21","","","Glendora","CA","935 East Mountain View Avenue","Detached","","91741","700000.00","Refinance","365500.00","Laura Leenknecht",""
"Fixed","","10/21/2015","270000.00","BASSEM","BOTROSSE","610676754","DIANA","BOTROSSE","612777197","","","","","","","S","","4.250","Pat Mulvey","1061511187","72.96","","","PALMDALE","CA","3100 PAXTON AVENUE","Detached","","93551","270000.00","Refinance","197000.00","Patricia Barbarin",""
"Fixed","","10/20/2015","510000.00","Pamela","Chagolla","608018509","","","","","","","","","","R","","3.750","Armando Novelo","3161510011","77.45","","","West Covina","CA","232 S. Meadow Rd.","Detached","","91791","510000.00","Refinance","395000.00","Patricia McCanna",""
"Fixed","","10/20/2015","210000.00","Jose","Valdez","558716316","","","","","","","","","","M","","4.000","Fidel Dorado","3491510520","65.95","","","Madera","CA","20029 Olympia Road","Detached","","93638","210000.00","Refinance","138500.00","Valerie Cheatwood",""
"Fixed","","10/22/2015","1125000.00","Joseph","Mogilewsky","044681838","Barri","Mogilewsky","044623550","","","","","","","","","3.875","Tom Donatoni","3471510156","56.31","","","Yorba Linda","CA","6272 Pepper Tree Lane","Detached","","92886","1110000.00","Purchase","625000.00","Ruth Sneed",""
"Fixed","","10/20/2015","505000.00","Maeve","O'Reilly","612164522","","","","Andrew","Diehm","623340817","","","","","","4.000","Armando Novelo","3161510013","50.50","","","Long Beach","CA","5329 E. Rosebay Street","Detached","","90808","505000.00","Refinance","255000.00","Gina McKeen-Chaplin",""
"Fixed","","10/20/2015","525000.00","David","Kujawski","224190010","","","","","","","","","","C","","4.000","Mark Frassica","3881510106","96.50","","","Oceano","CA","2525 Gwen Place","PUD","","93445","525000.00","Purchase","515490.00","Gina McKeen-Chaplin",""
"Fixed","","10/22/2015","412450.00","Cynthia","Chapman","568857786","","","","","","","","","","M","","4.125","Audwin McCoy","2561510283","90.00","","","Fontana","CA","16285 Medinah Street","Detached","","92336","412450.00","Refinance","371200.00","Elaine Clark",""
"Fixed","","10/20/2015","750000.00","Bryan","Carreon","609038901","","","","","","","","","","G","","3.875","Betty Stapp","3281510133","72.80","","","Marina Del Rey Area, Los Angeles","CA","4215 Glencoe Avenue # 213","Condominium","","90292","750000.00","Refinance","546000.00","Clara Tran",""
"Fixed","","10/26/2015","645000.00","Reynaldo","Parayno","546064695","Maritess","Parayno","565811561","","","","","","","G","Y","3.750","Silverio Garcia","3381510536","84.44","","","Oxnard","CA","2312 Arcadian Shores Trail","PUD","","93036","645000.00","Refinance","547350.00","Laura Leenknecht",""
"Fixed","","10/21/2015","320000.00","JENNY","PONCE","625089640","","","","","","","","","","","","4.375","Cristobal Arauz","2591510174","80.00","","","Carson","CA","22123 Figueroa St. Unit 134","Condominium","","90745","300000.00","Purchase","240000.00","Christopher Smart",""
"Fixed","","10/21/2015","649000.00","Louie","Morales","547477091","Elsa","Morales","626100670","","","","","","","A","","3.875","Stephanie Wade","1921510932","53.78","","","Glendora","CA","252 South Glenwood Avenue","Detached","","91741","649000.00","Purchase","349000.00","Clara Tran",""
"Fixed","","10/20/2015","425000.00","Debra","Hilt","549416743","","","","","","","","","","A","","3.875","Scott Merrill","3791510564","38.98","","","Garden Grove","CA","5836 Chapman Avenue","PUD","","92845","425000.00","Refinance","165650.00","Monica Alvarez",""
"Fixed","","10/20/2015","183000.00","Josie","Mesa","572355382","","","","","","","","","","A","","4.375","Fidel Dorado","3491510523","72.13","","","Madera","CA","3178 Summer Lane","Detached","","93637","183000.00","Refinance","132000.00","Valerie Cheatwood",""
"Fixed","","10/22/2015","490000.00","Scot","Tomasello","617229655","","","","","","","","","","P","","4.000","Leonard Briones","3621510426","81.43","","","Hayward","CA","2944 Butte Street","Detached","","94541","490000.00","Refinance","399000.00","Isayda Aguilar",""
"Fixed","","10/23/2015","323000.00","Erica","Croteau","612644128","","","","Juan","Mejia","621148354","","","","M","","3.875","Leonard Briones","3621510427","84.67","","","Oakley","CA","869 Chianti Way","Detached","","94561","323000.00","Refinance","273500.00","Isayda Aguilar",""
"Fixed","","10/28/2015","440000.00","George","Manangan","613375945","Lovella","Manangan","606678014","","","","","","","B","C","3.250","Silverio Garcia","3381510541","75.39","","","Oxnard","CA","1501 Lagoon Lane","Detached","","93035","440000.00","Refinance","333395.00","Laura Leenknecht",""
"Fixed","","10/22/2015","340000.00","Roberto","Perez","608524881","","","","Adalberto","Villegas","614166344","","","","","","4.125","Armando Novelo","3161510018","96.50","","","Compton","CA","1347 W. Brazil Street","Detached","","90220","340000.00","Purchase","333841.00","Laura Leenknecht",""
"Fixed","","10/26/2015","426000.00","JACOB","GONZALES","559898702","KEARA","GONZALES","607720948","","","","","","","S","C","4.875","Lynne Chandler","1211510164","85.00","","","CALIMESA","CA","1497 SANDY HILL DRIVE","Detached","","92320","426000.00","Purchase","362100.00","Christopher Smart",""
"Fixed","","10/23/2015","215000.00","FRANCISCO","MORALES","626229786","","","","","","","","","","","","3.875","Manuel Corral","1481510864","94.74","","","COLTON","CA","2013 SAGO PALM ROAD","Detached","","92324","215000.00","Refinance","207265.00","Tess Anson",""
"Fixed","","10/21/2015","471000.00","JUDY","PALTSITS","548727808","","","","","","","","","","M","","4.375","Thomas Louisignau","6521510420","88.54","","","TEMECULA","CA","35479 BALSAMINA COURT","ManufacturedMultiwide","","92592","471000.00","Purchase","417000.00","Carol King",""
"Fixed","","10/21/2015","1000000.00","Tom","Freeman","398544621","Judith","Freeman","393545705","","","","","","","M","C","3.125","Mark Frassica","3881510107","29.99","","","Nipomo","CA","1022 Jane Ann Court","PUD","","93444","1000000.00","Refinance","299900.00","Christopher Smart",""
"Fixed","","10/21/2015","330000.00","Diane","Alcazar","547190681","","","","","","","","","","","","4.000","Gina Gonzalez","3161510019","70.00","","","Pomona","CA","1742 San Bernardino Ave","Detached","","91767","330000.00","Purchase","231000.00","Christopher Smart",""
"Fixed","","10/23/2015","190000.00","Noemi","Morales","623246982","","","","","","","","","","","","4.750","Fidel Dorado","3491510525","74.21","","","Madera","CA","505 Quady Lane","Detached","","93637","190000.00","Refinance","141000.00","Laura Leenknecht",""
"Fixed","","10/26/2015","400000.00","Rogelio","Flores","625967277","Trinidad","Chavarin","553833713","","","","","","","","","4.625","Mitch Samimi","1381510371","70.00","","","Sylmar Area, Los Angeles","CA","14357 Oro Grande Street","Detached","","91342","400000.00","Refinance","280000.00","Clara Tran",""
"Fixed","","10/23/2015","175000.00","Benjamin","Eccleston","615070517","","","","Monica","Bruhl","616523644","","","","","","3.750","Dana Worthington","3021510139","96.50","","","Bakersfield","CA","2128 2nd Street","Detached","","93304","175000.00","Purchase","171830.00","Patricia Barbarin",""
"Fixed","","10/23/2015","366000.00","Rebecca","Hurst","545682297","","","","","","","","","","F","","3.875","Don Petty","1211510165","60.11","","","Fontana","CA","6267 Maloof Avenue","Detached","","92336","366000.00","Refinance","220000.00","Christopher Smart",""
"Fixed","","10/27/2015","215000.00","RANDALL","HAYES","613749556","","","","RANDALL","HAYES","567410995","","","","J","","4.500","Mark White","1671510091","95.00","","","SANTA CLARITA","CA","25031 PEACHLAND AVENUE NO. 267","Condominium","","91321","215000.00","Purchase","204250.00","Ann Polito",""
"Fixed","","10/28/2015","610000.00","Benjamin","Carrion","298500620","","","","","","","","","","","","3.625","Betty Stapp","3281510136","100.00","","","Irvine","CA","243 Mayfair","Condominium","","92620","603000.00","Purchase","622899.00","Ruth Sneed",""
"Fixed","","10/26/2015","420000.00","Victor","Murillo","565476435","","","","","","","","","","","","4.375","Gina Gonzalez","3161510025","80.00","","","Whittier","CA","10269 Lanett Avenue","Detached","","90605","420000.00","Purchase","336000.00","Lynne Chandler-Garrison",""
"ARM","","10/27/2015","724000.00","Christopher","MacNaughton","626072308","Francesca","MacNaughton","522533209","Victoria","Escuton","551045755","","","","A","","3.250","Neil MacNaughton","3241510058","82.87","","","Morgan HIll","CA","14940  Dark Star Court","Detached","","95037","724000.00","Refinance","610500.00","Carol King",""
"Fixed","","10/28/2015","695000.00","Chris","Clericuzio","546890987","","","","","","","","","","","","3.500","Roberta Berthold","1381510376","25.76","","","Oxnard Area","CA","129 Tujunga Avenue","Detached","","93035","695000.00","Refinance","179000.00","Tess Anson",""
"Fixed","","10/25/2015","480000.00","Deborah","Helm","266941530","","","","","","","","","","L","","4.500","Stephen Simpson","3921510512","75.00","","","San Diego","CA","6856 Clara Lee Avenue","Detached","","92120","475000.00","Purchase","356250.00","Jean Garcia",""
"Fixed","","10/27/2015","280000.00","Darren","Dixon","612540491","Jenna","DeSmith","608581387","","","","","","","R","M","4.125","Heather Maclennan","1921510947","95.00","","","Laguna Niguel","CA","79 Dover Place #79","Condominium","","92677","270000.00","Purchase","256500.00","Clara Tran",""
"Fixed","","10/26/2015","525000.00","Shirley","Lamarr","553766797","","","","","","","","","","","","4.250","Trevor Frey","3621510441","96.50","","","Oakley","CA","18 Solstice Court","Detached","","94561","525000.00","Purchase","515490.00","Isayda Aguilar",""
"Fixed","","10/27/2015","360000.00","Ricardo","Carrillo","566593770","Rosa","Carrillo","566634416","","","","","","","","","4.250","Oscar Campa","3141510043","96.50","","","Pico Rivera","CA","4128 Chapelle Ave","Detached","","90660","340000.00","Purchase","333841.00","Gina McKeen-Chaplin",""
"Fixed","","10/27/2015","1300000.00","Hetal","Patel","336723132","Meenal","Patel","603517289","","","","","","","B","B","3.500","Jennifer Phelan","3841510080","85.08","","","Encinitas","CA","756 Blossom Rd","PUD","","92024","1300000.00","Refinance","1106100.00","Patricia Barbarin",""
"Fixed","","10/27/2015","700000.00","Raymond","Morfino","552257314","","","","","","","","","","P","","3.750","Terry Bleecker","1681510187","35.71","","","Stevenson Ranch","CA","26225 Shakespeare Lane","PUD","","91381","700000.00","Purchase","250000.00","Patricia McCanna",""
"Fixed","","10/28/2015","700000.00","Eric","Alinaya","551875362","Carmela","Alinaya","548956701","","","","","","","A","F","3.875","Silverio Garcia","3381510566","87.14","","","Oxnard","CA","3720 Avondale Lane","PUD","","93036","700000.00","Refinance","630130.00","Laura Leenknecht",""
"Fixed","","10/28/2015","305000.00","Samuel","Armenta","625505461","Delina","Armenta","572914728","","","","","","","F","T","4.000","Don Petty","1211510168","100.00","","","Fontana","CA","11754 Nutwood Court","Detached","","92337","302500.00","Purchase","309003.00","Gina McKeen-Chaplin",""
"Fixed","","10/28/2015","580000.00","Glenn","Stebbing","620377893","Ethel","Stebbing","545800463","","","","","","","D","M","3.875","Angela Scalise","3681510418","89.35","","","Concord","CA","1805 Camino Estrada","Detached","","94521","580000.00","Refinance","527296.00","Isayda Aguilar",""
"Fixed","","10/28/2015","339000.00","WILLIAM","AREVALO","558579331","","","","","","","","","","A","","3.875","Gicela Frias","6571510102","96.50","","","Pico Rivera","CA","9606 BALFOUR STREET","Detached","","90660","339000.00","Purchase","332859.00","Monica Alvarez",""
"Fixed","","10/29/2015","550000.00","MARCUS","LARWILL","331747285","LAURA","PEARSON","349767389","","","","","","","J","J","4.125","Anacany Islas","3711510291","78.64","","","LA HABRA","CA","960 N. FONDA STREET","Detached","","90631","1.00","Refinance","432500.00","Tess Anson",""
"Fixed","","11/12/2015","285000.00","John","Homeowner","999405000","Mary","Homeowner","500222000","","","","","","","","","3.875","Gail Laymance","0001510262","96.50","","","Boron","CA","12592 Esther St.","Detached","","93516","275000.00","Purchase","270019.00","",""
